title_casual,paragraph_casual
titl care with heart navig the healthcar journey,hey health hero it time to talk about the awesom power of empathi in healthcar were all about bedsid chat heal vibe and make the patient experi as cozi as a warm blanket let bring compass back to healthcar
titl work smarter not harder your guid to time masteri,hey product enthusiast let unlock the secret of time manag and conquer the workday with eas were all about product hack timesav trick and make work a breez join the time masteri parti
titl go green travel smart your guid to ecofriendli adventur,hey wanderlust explor let embark on ecofriendli adventur and discov the world respons were all about ecorespons travel authent experi and make tourism a sustain adventur join the ecotour parti
titl cyber savvi 101 your guid to digit secur,hey digit explor it time to navig the cyber realm with confid were all about secur password vigil click and make cybersecur a digit adventur join the cybersavvi parti
titl tini explor nurtur young mind with fun,hey earli educ it time to embark on a joy journey into the world of earli childhood educ were all about storytim adventur fingerpaint masterpiec and make earli educ an unforgett adventur join the earli educ parti
titl ecoconsci corpor your guid to csr adventur,hey corpor world changemak let embark on an ecoconsci journey in the realm of corpor social respons were all about sustain strategi ethic valu and make csr a social respons adventur join the csr parti
titl learn in the digit age embrac the tech revolut,hey digit explor let chat about the coolest thing in educ sinc slice bread technolog were talk gadget gizmo and learn in your pj get cozi becaus the futur of educ is here and it awesom
titl green live 101 your guid to ecofriendli tech,hey ecoenthusiast it time to embrac green technolog and creat a sustain world were all about ecogadget sustain live tip and make technolog a friendlier alli for our planet join the ecofriendli tech parti
titl go green with renew energi a fun ride,hey folk let talk about go green with renew energi it like upgrad our planet ride to an ecofriendli rollercoast solar panel and wind turbin are the cool kid on the block
titl think smarter not harder master critic think,hey critic thinker it time to unlock the secret of sharp mind and problemsolv prowess were all about brainpow boost think game and make critic think a breez join the critic think parti
titl tech trailblaz your guid to a divers and inclus tech commun,hey tech enthusiast it time to join the divers and inclus tech revolut were all about code camaraderi innov celebr and make the tech world a welcom place for everyon join the tech divers parti
titl techsavvi custom delight your guid to except experi,hey happi custom let dive into the world of techsavvi delight and experi custom servic like never befor were all about person interact speedi resolut and make your experi a techdriven adventur join the custom delight parti
titl ecofarm adventur your guid to sustain agricultur,hey ecofarm it time to embrac the world of sustain agricultur and grow your food with love were all about organ harvest green practic and make farm an ecofriendli journey join the sustain farm parti
titl scienc ethic 101 navig the research maze,hey futur scientist let break down the world of ethic research were all about lab adventur respons discoveri and make scienc a barrel of fun join the research parti and let explor the ethic frontier
titl lead with heart your guid to emot intellig,hey futur leader let dive into the world of emot intellig and leadership with heart were all about empathi relationship build and make emot intellig a superpow for leader join the eq leadership parti
titl healthtech revolut your guid to ai in healthcar,hey health innov let dive into the world of aipow healthcar were all about smart app wearabl wonder and make healthcar a hightech adventur join the healthtech revolut parti
titl lead with heart the eq guid to leadership,hey futur leader let chat about emot intellig and it superpow in leadership were all about heartcent leadership empathi adventur and make emot intellig your leadership superskil join the eq leadership parti
titl techsavvi learn your guid to digit educ,hey digit learner let dive into the world of aipow educ and onlin learn were all about virtual field trip interact lesson and make educ a techsavvi adventur join the digit educ parti
titl live green live well your guid to sustain lifestyl,hey ecoenthusiast let embark on a journey toward sustain live and make green choic a way of life were all about ecoconsci home ecofriendli commut and make sustain a lifestyl adventur join the sustain live parti
titl global busi 101 your guid to cultur savvi,hey global entrepreneur it time to embark on a cultur adventur in the busi world were all about crosscultur collabor intern friendship and make global busi a fun journey join the cultur savvi parti
titl work smarter not harder your guid to time masteri,hey product enthusiast it time to unlock the secret of time manag and conquer your workday were all about product hack timesav trick and make work a breez join the time masteri parti
titl inclus matter spark innov in the workplac,hey innov enthusiast let talk about how divers and inclus fuel creativ were all about idea parti collabor spark and make workplac innov a blast join the workplac innov parti
titl build the futur your guid to green construct,hey ecobuild it time to join the sustain revolut in construct were all about ecobrick adventur solar panel smile and make construct a planetfriendli journey join the green construct parti
titl techsavvi learn your guid to digit educ,hey digit learner let dive into the world of aipow educ and onlin learn were all about virtual field trip interact lesson and make educ a techsavvi adventur join the digit educ parti
titl volunt vibe spread good one act at a time,hey changemak it time to roll up our sleev and make a posit impact were all about commun love random act of kind and make volunt a breez join the volunt parti and let spread those good vibe
titl ethic ai navig the moral tech landscap,hey tech ethicist let dive into the fascin world of ai ethic and respons technolog were all about ethic code digit dilemma and make tech a forc for good join the ethic ai parti
titl boost your brand onlin your guid to digit market adventur,hey brand builder let dive into the world of digit market and skyrocket your brand visibl onlin were all about engag content social media buzz and make market a digit adventur join the digit market parti
titl student life hack master time like a pro,hey student superhero it time to unlock the secret of time manag and rule your student univers we ve got studi tip timesav trick and life hack to make your student journey a blast join the time manag parti
titl go green go fun your guid to renew energi,hey ecoenthusiast it time to embrac sustain energi and creat a greener world were all about ecobrick adventur solar panel smile and make renew energi an excit journey join the clean energi parti
titl tini explor nurtur young mind with fun,hey earli educ it time to embrac the joy of teach tini tot were all about storytim adventur fingerpaint masterpiec and make earli educ a delight journey join the earli educ parti
titl go green stay cool your guid to renew energi,hey ecowarrior it time to go green and keep it cool with renew energi were all about sunni solut windpow fun and make sustain an adventur join the green energi parti
titl lead with heart your guid to emot intellig,hey futur leader let dive into the world of emot intellig and leadership with heart were all about empathi relationship build and make emot intellig a superpow for leader join the eq leadership parti
titl farm the futur your guid to sustain agricultur,hey ecofarm it time to embark on a sustain farm journey power by renew energi were all about sunni field windwhisp harvest and make agricultur an environment friendli adventur join the sustain farm parti
titl go green go fun your guid to renew energi,hey ecoenthusiast it time to dive into the world of renew energi and sustain were all about solar smile windpow highfiv and embrac the green energi revolut join the clean energi parti
titl social media unleash connect in the digit era,hey digit citizen social media is our playground and were here to have a blast let chat about hashtag selfi and all thing viral it a digit world and were love everi like share and tweet
titl lead with empathi your guid to emot intellig,hey futur leader it time to embrac the power of emot intellig and lead with empathi were all about connect on a deeper level foster team harmoni and make leadership a journey of understand join the eq leadership parti
titl smart suppli chain your guid to streamlin logist,hey suppli chain enthusiast let dive into the world of smart logist and make suppli chain as smooth as a welloil machin were all about ontim deliveri effici warehous and make logist a techsavvi adventur join the suppli chain parti
titl build sustain citi your guid to green urban live,hey urban enthusiast it time to embrac sustain and creat greener smarter citi were all about ecofriendli neighborhood energysav innov and make urban live an excit and ecoconsci journey join the green urban live parti
titl global busi 101 your guid to cultur savvi,hey global entrepreneur it time to embark on a cultur adventur in the busi world were all about crosscultur collabor intern friendship and make global busi a fun journey join the cultur savvi parti
titl digit domin your guid to win onlin,hey digit market let dive into the excit world of digit market and onlin presenc were all about social media success content wizardri and make digit market a thrill adventur join the onlin market parti
titl retir happi your guid to financi freedom,hey futur retire it time to embark on a retir adventur fill with financi wisdom and relax plan were all about dream vacat retir bucket list and make financi plan a joy journey join the retir parti
titl digit defend guid your passport to cybersecur,hey digit defend it time to navig the digit world with confid were all about secur password vigil click and make cybersecur a fun digit adventur join the cyber defens parti
titl time ninja crush it in your daili quest,hey time warrior it time to gear up and conquer your day like a pro we ve got timesav trick epic todo list and a dash of spontan to make your journey awesom time to be the ninja of your own time saga
titl stressfre live your guid to inner peac,hey stress warrior let chat about keep calm in the chao of life were all about stressbust tip relax ritual and make zen a way of life join the stressfre live parti
titl global busi 101 your guid to cultur savvi,hey global entrepreneur it time to embark on a cultur adventur in the busi world were all about crosscultur collabor intern friendship and make global busi a fun journey join the cultur savvi parti
titl custom care 20 your guid to aipow servic,hey custom care champion let dive into the world of aienhanc custom servic and elev custom experi were all about instant resolut happi custom and make support a techsavvi adventur join the custom care 20 parti
titl industri 40 your guid to the ai revolut,hey industri innov it time to ride the wave of ai revolution our workplac were all about smart factori datadriven decis and make industri a techdriven adventur join the industri 40 parti
titl healthi insight your guid to datadriven healthcar,hey well enthusiast let dive into the world of datadriven healthcar and uncov the secret to a healthier you were all about person treatment digit health tracker and make healthcar a datadriven adventur join the health data parti
titl innov playground where idea run wild,hey innov explor welcom to the playground of creativ think were all about wild idea fearless experi and make innov a ton of fun let get our creativ juic flow and chang the game
titl lead with style craft your leadership journey,hey futur leader it time to don your leadership cape and embark on a stylish journey were all about teamwork highfiv and make leadership an epic adventur let lead with flair and have a blast along the way
titl smart commut your guid to aipow transport,hey travel of the futur let dive into the world of aidriven transport and enjoy stressfre journey were all about selfdriv car adventur smart traffic solut and make transport an effortless ride join the transportain parti
titl lead with heart navig the busi ethic playground,hey futur ethic leader were here to demystifi the art of ethic leadership it all about do the right thing keep it real and have a blast in the busi world let lead with heart and make a posit impact
titl stressfre live your guid to inner zen,hey stress warrior let talk about keep the calm in the chao were all about stressbust tip relax ritual and make zen a way of life join the stressfre parti and let conquer life challeng togeth
titl earth hero unit your guid to conserv,hey ecowarrior it time to embark on a conserv adventur to protect our planet biodivers were all about ecoquest natur explor and make conserv a thrill journey join the earthsav parti
titl fintech fun your guid to smart money manag,hey financ aficionado let dive into the world of aipow financ and smart invest were all about digit wallet budget made easi and make financ a techsavvi adventur join the fintech fun parti
titl money matter 20 your guid to digit financ,hey savvi spender let dive into the world of digit financ and make manag money a breez were all about mobil wallet onlin invest and make financ a techsavvi adventur join the digit financ parti
titl embrac the rainbow of cultur our global famili,hey global citizen it time for a cultur fiesta were all about embrac differ share stori and feast on intern flavor get readi for a cultur hug becaus were one big global famili
titl go green go fun your guid to ecotech,hey ecoenthusiast it time to dive into the world of green technolog and embrac a sustain futur were all about green gadget energysav tip and make tech a planetfriendli adventur join the ecotech parti
titl sustain citi 101 your guid to greener urban live,hey citi dweller let embark on a journey toward greener urban live were all about ecofriendli neighborhood bikefriendli street and make citi a sustain adventur join the urban sustain parti
titl learn in the digit age your guid to techsavvi educ,hey digit learner let dive into the world of techpow educ and experi learn like never befor were all about interact lesson smart studi buddi and make educ a techsavvi adventur join the digit educ parti
titl fintech fun your guid to smart money manag,hey financ aficionado let dive into the world of aipow financ and smart invest were all about digit wallet budget made easi and make financ a techsavvi adventur join the fintech fun parti
titl lead with heart your guid to ethic leadership,hey ethic leader let dive into the world of leadership with integr and heart were all about do the right thing foster trust and make ethic leadership a joy journey join the ethic leadership parti
titl eco guardian unit your guid to aipow environment stewardship,hey ecowarrior let unit as eco guardian and use ai to protect our planet were all about track wildlif monitor air qualiti and make environment stewardship a techsavvi adventur join the eco guardian parti
titl techsavvi learn your guid to digit educ,hey digit learner let dive into the world of educ technolog and onlin learn were all about virtual field trip interact lesson and make educ a techfuel adventur join the digit educ parti
titl healthtech revolut your guid to ai in healthcar,hey health tech enthusiast let dive into the world of aipow healthcar and well were all about selfcar app aiassist diagnost and make healthcar a techsavvi adventur join the healthtech revolut parti
titl data guardian unit your guid to onlin privaci,hey digit guardian it time to safeguard your onlin presenc and protect your digit ident were all about privaci set secur brows and make data privaci a digit adventur join the data privaci parti
titl explor the wild side your guid to biodivers conserv,hey natur enthusiast let explor the wild side and dive into biodivers conserv were all about protect speci preserv habitat and make natur conserv an adventur join the biodivers parti
titl data guardian unit your guid to onlin privaci,hey digit guardian it time to safeguard your onlin presenc and protect your digit ident were all about privaci set secur brows and make data privaci a digit adventur join the data privaci parti
titl farm the futur your guid to sustain agricultur,hey ecofarm it time to embark on a sustain farm journey power by renew energi were all about sunni field windwhisp harvest and make agricultur an environment friendli adventur join the sustain farm parti
titl digit defend guid your passport to cybersecur,hey digit defend it time to navig the digit world with confid were all about secur password vigil click and make cybersecur a fun digit adventur join the cyber defens parti
titl go green go fun your guid to renew energi,hey ecoenthusiast it time to put on your green superhero cape and dive into the world of renew energi were all about solar smile windpow highfiv and embrac the renew energi revolut join the green energi parti
titl cyber savvi 101 your guid to digit secur,hey digit explor it time to navig the cyber realm with confid were all about secur password vigil click and make cybersecur a digit adventur join the cybersavvi parti
titl smart commut your guid to aipow transport,hey travel of the futur let dive into the world of aidriven transport and enjoy stressfre journey were all about selfdriv car adventur smart traffic solut and make transport an effortless ride join the transportain parti
titl healthtech revolut your guid to ai in healthcar,hey health tech enthusiast let dive into the world of aipow healthcar were all about smart health app aiassist diagnost and make healthcar a techsavvi adventur join the healthtech revolut parti
titl global busi 101 your guid to cultur savvi,hey global entrepreneur it time to embark on a cultur adventur in the busi world were all about crosscultur collabor intern friendship and make global busi a fun journey join the cultur savvi parti
titl aienhanc healthcar your guid to diagnost with a dash of tech,hey health tech enthusiast let dive into the world of aienhanc healthcar and experi diagnost with a tech twist were all about smart diagnos digit health buddi and make healthcar a techsavvi adventur join the health tech parti
titl smart commut your guid to aipow transport,hey travel of the futur let dive into the world of aidriven transport and stressfre journey were all about selfdriv car joyrid smart traffic solut and make transport an effortless adventur join the transportain parti
titl smart commut your guid to aipow transport,hey travel of the futur let dive into the world of aidriven transport and stressfre journey were all about selfdriv car joyrid smart traffic solut and make transport an effortless adventur join the transportain parti
titl life hack master the art of worklif harmoni,hey life enthusiast it time to uncov the secret of balanc work and play were all about relax ritual product tip and make worklif balanc a joy danc join the worklif harmoni parti
titl master busi with big data your guid to datadriven success,hey busi enthusiast let dive into the world of datadriven success and unlock the potenti of big data were all about action insight smart decis and make busi a datadriven adventur join the datadriven busi parti
titl build the futur your guid to green construct,hey ecobuild it time to embrac sustain construct and creat a greener world were all about ecobrick adventur solar panel smile and make construct a planetfriendli journey join the green construct parti
titl healthtech revolut your guid to ai in healthcar,hey health tech enthusiast let dive into the world of aipow healthcar and well were all about smart health app aiassist diagnost and make healthcar a techsavvi adventur join the healthtech revolut parti
titl learn unleash your guid to elearn adventur,hey digit scholar let dive into the world of elearn and unlock a new era of educ were all about virtual classroom interact lesson and make learn an onlin adventur join the elearn parti
titl digit defend unit your guid to cybersecur,hey digit defend let talk about the excit world of cybersecur and how you can protect yourself onlin were all about safe brows strong password and make cybersecur an adventur join the digit defens parti
titl busi talk your guid to rock commun,hey futur busi mogul it time to dive into the world of effect commun in busi were all about elev pitch network highfiv and make busi talk a breez join the busi commun parti
titl lead with empathi your guid to emot intellig,hey futur leader it time to embrac the power of emot intellig and lead with empathi were all about connect on a deeper level foster team harmoni and make leadership a journey of understand join the eq leadership parti
titl farm for the futur your guid to sustain agricultur,hey ecofarm let embark on a sustain agricultur journey and grow the futur were all about organ crop ecofriendli practic and make farm an environment consciou adventur join the sustain farm parti
titl retir readi your ticket to financi freedom,hey there futur retire it time to get cozi with your retir plan we ve got tip trick and a side of relax for your financi journey kick back and let make that retir dream a realiti
titl manufactur magic your guid to aipow product,hey manufactur wizard let dive into the world of aidriven product and smart factori were all about autom wonder qualiti assur fun and make manufactur a hightech adventur join the manufactur magic parti
titl digit defend unit a fun guid to cybersecur,hey digit superhero it time to don your virtual cape and embark on a cyberadventur we ve got cybersecur tip hacker showdown and digit escapad to make onlin safeti a blast join the digit defens parti
titl save our planet one step at a time,hey ecowarrior time to chat about our favorit green hero mother earth we ve got the 411 on climat chang and were bring ecofriendli vibe to your doorstep let make ecosav a lifestyl and have a blast while were at it
titl embrac the world your guid to cultur educ,hey global learner let talk about the excit world of cultur divers in educ were all about global friendship intern feast and make learn a passport to fun join the cultur educ parti
titl global busi explor your guid to crosscultur success,hey global entrepreneur it time to embark on a cultur adventur in the busi world were all about crosscultur collabor intern friendship and make global busi an excit journey join the crosscultur success parti
titl learn in the digit age your guid to aipow educ,hey digit learner let dive into the world of aienhanc educ and experi learn like never befor were all about interact lesson smart studi buddi and make educ a techsavvi adventur join the digit educ parti
titl embrac divers at work your guid to inclus excel,hey workplac champion let embrac divers and creat an inclus cultur that rock were all about divers team equal opportun and make work a place where everyon thrive join the inclus parti
titl healthtech revolut your guid to ai in healthcar,hey health tech enthusiast let dive into the world of aipow healthcar and well were all about smart health app aiassist diagnost and make healthcar a techsavvi adventur join the healthtech revolut parti
titl predict mainten made fun your guid to machin learn magic,hey mainten magician let dive into the world of predict mainten with the magic of machin learn were all about equip longev datadriven upkeep and make mainten a techsavvi adventur join the mainten magic parti
titl ecofarm adventur your guid to sustain agricultur,hey ecofarm it time to embark on an ecofriendli adventur in sustain agricultur were all about organ harvest green practic and make farm a planetfriendli journey join the sustain farm parti
titl work smarter not harder your guid to time masteri,hey product enthusiast let unlock the secret of time manag and conquer the workday with eas were all about product hack timesav trick and make work a breez join the time masteri parti
titl cybersecur demystifi your guid to digit defens,hey digit defend let unravel the mysteri of cybersecur and keep your onlin world safe were all about strong password threat showdown and make cybersecur a fun adventur join the digit defens parti
titl money move with ai your guid to invest in the digit age,hey futur investor let dive into the world of aipow financ and make money move like never befor were all about smart portfolio roboadvisor and make invest a techsavvi adventur join the financ tech parti
titl social polit 101 your guid to navig the digit polit landscap,hey polit enthusiast let dive into the world of social polit and discov the digit realm of polit engag were all about onlin activ polit discours and make polit a digit adventur join the social polit parti
titl go green go cool your guid to renew energi,hey ecochampion it time to talk about clean energi and make the planet a cooler place were all about solar smile windpow highfiv and embrac the renew energi revolut join the green energi parti
titl go green go fun your guid to renew energi,hey ecoenthusiast it time to unlock the secret of renew energi and join the sustain parti were all about solar smile windpow highfiv and embrac the green energi revolut join the clean energi parti
titl global busi explor your guid to crosscultur success,hey global entrepreneur it time to embark on a cultur adventur in the busi world were all about crosscultur collabor intern friendship and make global busi an excit journey join the crosscultur success parti
titl green live make everi day earth day,hey ecowarrior it time to put on your green superhero cape and go on an ecoadventur were all about recycl tree hug and make mother earth proud let be ecochampion and have a blast while do it
titl go green go fun your guid to renew energi,hey ecoenthusiast it time to embrac sustain energi and creat a greener world were all about ecobrick adventur solar panel smile and make renew energi an excit journey join the clean energi parti
titl healthtech revolut your guid to ai in healthcar,hey health tech enthusiast let dive into the world of aipow healthcar and well were all about selfcar app aiassist diagnost and make healthcar a techsavvi adventur join the healthtech revolut parti
